"¼ Espaço Em","Edição de texto","Ctrl+Alt+Espaço","¼ Espaço Em",
"¼ Espaço Em","Edição de texto da tabela","Ctrl+Alt+Espaço","¼ Espaço Em",
"Zoom para seleção","Visualização de impressão","Shift+F2","Zoom para seleção",
"Zoom para seleção","Principal","Shift+F2","Aumentar somente o objeto selecionado.",
"Zoom para página","Visualização de impressão","Shift+F4","Zoom para página",
"Zoom para página","Principal","Shift+F4","Ajuste o nível de ampliação para visualizar a página inteira.",
"Zoom para ajustar","Visualização de impressão","F4","Zoom para ajustar",
"Zoom para ajustar","Principal","F4","Ajuste o nível de ampliação para incluir todos os objetos",
"Zoom instantâneo","Principal","F2","Zoom instantâneo",
"Zoom","Principal","Z","Mude o nível de ampliação na janela de documento.",
"Visualizações","Principal","Ctrl+F2","Ancorador de visualizações",
"Visualização de tela cheia","Principal","F9","Mostrar uma visualização de tela cheia do documento.",
"Visualizar registro único","Configurar fonte de dados","Ctrl+V","Visualizar registro único",
"Versaletes","Edição de texto da tabela","Ctrl+Shift+K","Versaletes",
"Versaletes","Edição de texto","Ctrl+Shift+K","Versaletes",
"Verificação prévia...","Visualização de impressão","Ctrl+I","Verificação prévia...",
"Usar capitulação","Edição de texto da tabela","Ctrl+Shift+D","Adicione ou remova uma capitulação.",
"Usar capitulação","Edição de texto","Ctrl+Shift+D","Adicione ou remova uma capitulação.",
"Unir curvas","Principal","Ctrl+Shift+J","Unir curvas",
"Tópicos da Ajuda...","Visualização de impressão","Ctrl+F1","Tópicos da Ajuda...",
"Traço","Edição de texto da tabela","Alt+-","Traço",
"Traço","Edição de texto","Alt+-","Traço",
"Travessão","Edição de texto da tabela","Alt+_","Travessão",
"Travessão","Edição de texto","Alt+_","Travessão",
"Transformar","Principal","Alt+F7","Especifique a posição do objeto na página de desenho.",
"Texto vertical","Principal","Ctrl+.","Altera o texto para a vertical",
"Texto horizontal","Principal","Ctrl+,","Altera o texto para a direção horizontal",
"Texto","Principal","F8","Adicione e edite parágrafo e texto artístico.",
"Texto","Principal","Ctrl+T","Edite as propriedades de texto artístico e de parágrafo.",
"Texto","Edição de texto da tabela","Ctrl+F10","Opões de texto",
"Texto","Edição de texto","Ctrl+F10","Opões de texto",
"Tela cheia","Visualização de impressão","F9","Tela cheia",
"Tela cheia","Visualização de impressão","Ctrl+U","Tela cheia",
"Tamanho da fonte do combo seguinte","Principal","Ctrl+NUMPAD6","Tamanho da fonte do combo seguinte",
"Tamanho da fonte do combo seguinte","Edição de texto da tabela","Ctrl+NUMPAD6","Tamanho da fonte do combo seguinte",
"Tamanho da fonte do combo seguinte","Edição de texto","Ctrl+NUMPAD6","Tamanho da fonte do combo seguinte",
"Tamanho da fonte do combo anterior","Principal","Ctrl+NUMPAD4","Tamanho da fonte do combo anterior",
"Tamanho da fonte do combo anterior","Edição de texto da tabela","Ctrl+NUMPAD4","Tamanho da fonte do combo anterior",
"Tamanho da fonte do combo anterior","Edição de texto","Ctrl+NUMPAD4","Tamanho da fonte do combo anterior",
"Tamanho da fonte","Edição de texto da tabela","Ctrl+Shift+P","Especifique o tamanho da fonte.",
"Tamanho","Principal","Alt+F10","Especifique as dimensões do objeto.",
"Tabela","Edição da tabela","Excluir","Exclui a tabela selecionada",
"Símbolos","Principal","Ctrl+F3","Ancorador de símbolos",
"Superdeslocamento para cima","Principal","Shift+Seta para cima","Superdeslocamento para cima",
"Superdeslocamento para baixo","Principal","Shift+Seta para baixo","Superdeslocamento para baixo",
"Superdeslocamento para a esquerda","Principal","Shift+Seta para esquerda","Superdeslocamento para a esquerda",
"Superdeslocamento para a direita","Principal","Shift+Seta para direita","Superdeslocamento para a direita",
"Superdeslocamento do ponto de ancoragem para cima","Edição de ancoragem","Shift+Seta para cima","Superdeslocamento do ponto de ancoragem para cima",
"Superdeslocamento do ponto de ancoragem para baixo","Edição de ancoragem","Shift+Seta para baixo","Superdeslocamento do ponto de ancoragem para baixo",
"Superdeslocamento do ponto de ancoragem para a esquerda","Edição de ancoragem","Shift+Seta para esquerda","Superdeslocamento do ponto de ancoragem para a esquerda",
"Superdeslocamento do ponto de ancoragem para a direita","Edição de ancoragem","Shift+Seta para direita","Superdeslocamento do ponto de ancoragem para a direita",
"Sublinhado","Edição de texto","Ctrl+U","Sublinhe o texto.",
"Sublinhado","Edição de texto da tabela","Ctrl+U","Sublinhe o texto.",
"Simetria de espelho","Principal","Alt+Shift+M","Crie formas idênticas espelhadas em um conjunto de planos.",
"Separações...","Visualização de impressão","Ctrl+S","Separações...",
"Separar","Principal","Ctrl+K","Permita que o objeto seja modificado usando as ferramentas de forma.",
"Selecionar à esquerda","Edição da tabela","Shift+Seta para esquerda","Selecionar à esquerda",
"Selecionar à direita","Edição da tabela","Shift+Seta para direita","Selecionar à direita",
"Selecionar todos os pontos de ancoragem","Edição de ancoragem","Ctrl+A","Selecionar todos os pontos de ancoragem",
"Selecionar todos os objetos","Principal","Ctrl+A","Selecionar todos os objetos",
"Selecionar para o início da moldura","Edição de texto da tabela","Ctrl+Shift+Início","Selecionar para o início da moldura",
"Selecionar para o início da moldura","Edição de texto","Ctrl+Shift+Início","Selecionar para o início da moldura",
"Selecionar para o início da linha","Edição de texto da tabela","Shift+Início","Selecionar para o início da linha",
"Selecionar para o início da linha","Edição de texto","Shift+Início","Selecionar para o início da linha",
"Selecionar para início do texto","Edição de texto da tabela","Ctrl+Shift+PgUp","Selecionar para início do texto",
"Selecionar para início do texto","Edição de texto","Ctrl+Shift+PgUp","Selecionar para início do texto",
"Selecionar até o fim do texto","Edição de texto da tabela","Ctrl+Shift+PgDn","Selecionar até o fim do texto",
"Selecionar até o fim do texto","Edição de texto","Ctrl+Shift+PgDn","Selecionar até o fim do texto",
"Selecionar até o fim da moldura","Edição de texto da tabela","Ctrl+Shift+End","Selecionar até o fim da moldura",
"Selecionar até o fim da moldura","Edição de texto","Ctrl+Shift+End","Selecionar até o fim da moldura",
"Selecionar até o fim da linha","Edição de texto da tabela","Shift+End","Selecionar até o fim da linha",
"Selecionar até o fim da linha","Edição de texto","Shift+End","Selecionar até o fim da linha",
"Selecionar acima","Edição da tabela","Shift+Seta para cima","Selecionar acima",
"Selecionar abaixo","Edição da tabela","Shift+Seta para baixo","Selecionar abaixo",
"Selecionar 1 parágrafo para cima","Edição de texto da tabela","Ctrl+Shift+Seta para cima","Selecionar 1 parágrafo para cima",
"Selecionar 1 parágrafo para cima","Edição de texto","Ctrl+Shift+Seta para cima","Selecionar 1 parágrafo para cima",
"Selecionar 1 parágrafo para baixo","Edição de texto da tabela","Ctrl+Shift+Seta para baixo","Selecionar 1 parágrafo para baixo",
"Selecionar 1 parágrafo para baixo","Edição de texto","Ctrl+Shift+Seta para baixo","Selecionar 1 parágrafo para baixo",
"Selecionar 1 palavra à esquerda","Edição de texto da tabela","Ctrl+Shift+Seta para esquerda","Selecionar 1 palavra à esquerda",
"Selecionar 1 palavra à esquerda","Edição de texto","Ctrl+Shift+Seta para esquerda","Selecionar 1 palavra à esquerda",
"Selecionar 1 palavra à direita","Edição de texto da tabela","Ctrl+Shift+Seta para direita","Selecionar 1 palavra à direita",
"Selecionar 1 palavra à direita","Edição de texto","Ctrl+Shift+Seta para direita","Selecionar 1 palavra à direita",
"Selecionar 1 moldura para cima","Edição de texto da tabela","Shift+PgUp","Selecionar 1 moldura para cima",
"Selecionar 1 moldura para cima","Edição de texto","Shift+PgUp","Selecionar 1 moldura para cima",
"Selecionar 1 moldura para baixo","Edição de texto da tabela","Shift+PgDn","Selecionar 1 moldura para baixo",
"Selecionar 1 moldura para baixo","Edição de texto","Shift+PgDn","Selecionar 1 moldura para baixo",
"Selecionar 1 linha para cima","Edição de texto da tabela","Shift+Seta para cima","Selecionar 1 linha para cima",
"Selecionar 1 linha para cima","Edição de texto","Shift+Seta para cima","Selecionar 1 linha para cima",
"Selecionar 1 linha para baixo","Edição de texto da tabela","Shift+Seta para baixo","Selecionar 1 linha para baixo",
"Selecionar 1 linha para baixo","Edição de texto","Shift+Seta para baixo","Selecionar 1 linha para baixo",
"Selecionar 1 caractere à esquerda","Edição de texto da tabela","Shift+Seta para esquerda","Selecionar 1 caractere à esquerda",
"Selecionar 1 caractere à esquerda","Edição de texto","Shift+Seta para esquerda","Selecionar 1 caractere à esquerda",
"Selecionar 1 caractere à direita","Edição de texto da tabela","Shift+Seta para direita","Selecionar 1 caractere à direita",
"Selecionar 1 caractere à direita","Edição de texto","Shift+Seta para direita","Selecionar 1 caractere à direita",
"Scripts","Principal","Alt+Shift+F11","Criar, carregar e gerenciar projetos de script.",
"Salvar...","Principal","Ctrl+S","Salve o documento ativo.",
"Salvar fonte de dados...","Configurar fonte de dados","Ctrl+S","Salvar dados em um arquivo",
"Salvar estilo de impressão como...","Visualização de impressão","F12","Salvar estilo de impressão como...",
"Salvar estilo de impressão como...","Visualização de impressão","Ctrl+A","Salvar estilo de impressão como...",
"Salvar como...","Principal","Ctrl+Shift+S","Salvar como...",
"Sair do Modo de Foco","Principal","Shift+Esc","Concluir a edição no Modo de Foco.",
"Sair","Principal","Alt+F4","Sair",
"Réguas","Visualização de impressão","Ctrl+R","Réguas",
"Réguas","Principal","Alt+Shift+R","Mostrar ou ocultar réguas.",
"Revisor ortográfico...","Principal","Ctrl+F12","Ortografia",
"Reverte a última operação","Effects","Ctrl+Z","Reverte a última operação",
"Retângulo","Principal","F6","Desenhe quadrados e retângulos arrastando na janela de desenho.",
"Repetir %s","Principal","Ctrl+R","Repetir",
"Remover simetria","Principal","Alt+Shift+S","Reverta objetos primários a objetos básicos e exclua todas as cópias de objetos.",
"Registrar Script temporário","Principal","Ctrl+Shift+R","Registrar Script temporário",
"Refazer %s","Principal","Ctrl+Shift+Z","Reaplique a última ação desfeita.",
"Refaz a última operação de desfazer","Effects","Ctrl+Shift+Z","Refaz a última operação de desfazer",
"Reduzir","Visualização de efeitos","F3","Reduzir",
"Redefinir","Visualização de efeitos","Ctrl+R","Redefinir",
"Redefinir","Endireitar imagem","Ctrl+R","Redefinir",
"Redefinir","Effects","Ctrl+R","Redefinir",
"Recuar um","Principal","Ctrl+PgDn","Mover o objeto um nível abaixo na ordem de empilhamento.",
"Recortar","Principal","Shift+Excluir","Mova um ou mais objetos para a Área de transferência.",
"Recortar","Principal","Ctrl+X","Mova um ou mais objetos para a Área de transferência.",
"Quebra de coluna/moldura","Edição de texto da tabela","Ctrl+Enter","Quebra de coluna/moldura",
"Quebra de coluna/moldura","Edição de texto","Ctrl+Enter","Quebra de coluna/moldura",
"Página anterior","Principal","PgUp","Página anterior",
"Próxima página","Principal","PgDn","Próxima página",
"Próprio","Principal","Ctrl+Shift+H","Permita que o objeto se encaixe em si mesmo ao se mover.",
"Propriedades","Principal","Alt+Enter","Permite que as propriedades de um objeto sejam visualizadas e editadas.",
"Preenchimento uniforme","Principal","Shift+F11","Selecione uma cor de preenchimento sólida para o objeto usando paletas de cores, visualizadores de cores, harmonizações de cores ou misturas de cores.",
"Preenchimento interativo","Principal","G","Aplica dinamicamente o preenchimento atual a um objeto na janela de desenho.",
"Preenchimento gradiente","Principal","F11","Preenche um objeto com um gradiente de cores ou tons.",
"Preenchimento de malha","Principal","M","Preencha um objeto misturando diversas cores ou sombreados dispostos sobre uma grade de malha.",
"Polígono","Principal","Y","Desenhe polígonos arrastando na janela de desenho.",
"Pincel com efeito de pintura","Principal","J","Aplique uma pincelada baseada em pixels com tinta, meios secos ou pincel digital.",
"Partir","Principal","Alt+Q","Desligue todos os alinhamentos. Clique novamente para restaurar as opções de alinhamento selecionadas.",
"Parar gravação","Principal","Ctrl+Shift+O","Pare de gravar o script.",
"Para trás da camada","Principal","Shift+PgDn","Mover o objeto para o fundo da ordem de empilhamento.",
"Para frente da camada","Principal","Shift+PgUp","Mover objeto para o topo da ordem de empilhamento.",
"Para Trás da Página","Principal","Ctrl+End","Move o objeto para trás da página.",
"Para Frente da Página","Principal","Ctrl+Início","Move o objeto para a frente da página.",
"Papel gráfico","Principal","D","Desenhe uma grade.",
"Opções de pré-impressão...","Visualização de impressão","Ctrl+M","Opções de pré-impressão...",
"Opções de impressão","Visualização de impressão","Alt+O","Opções de impressão",
"Objetos","Principal","Alt+Z","Alinhar objetos a outros objetos no documento.",
"O que é isto?","Principal","Shift+F1","Abre a Ajuda contextual",
"Novo...","Principal","Ctrl+N","Inicie um novo documento.",
"Nenhum","Edição de texto da tabela","Ctrl+N","Não alinhe o texto à caixa delimitadora.",
"Nenhum","Edição de texto","Ctrl+N","Não alinhe o texto à caixa delimitadora.",
"Negrito","Edição de texto da tabela","Ctrl+B","Ponha o texto em negrito.",
"Negrito","Edição de texto","Ctrl+B","Ponha o texto em negrito.",
"Navegador","Principal","N","Navegador",
"Mídia artística","Principal","I","Adicione o pincel vetorial e efeitos caligráficos ou aplique spray em imagens usando traços à mão livre.",
"Mão livre","Principal","F5","Desenhe curvas e segmentos de linha reta.",
"Mudar minúsculas/maiúsculas...","Edição de texto da tabela","Shift+F3","Mudar maiúsculas/minúsculas",
"Mudar minúsculas/maiúsculas...","Edição de texto","Shift+F3","Mudar maiúsculas/minúsculas",
"Mover para o início do texto","Edição de texto da tabela","Ctrl+PgUp","Mover para o início do texto",
"Mover para o início do texto","Edição de texto","Ctrl+PgUp","Mover para o início do texto",
"Mover para o início da moldura","Edição de texto da tabela","Ctrl+Início","Mover para o início da moldura",
"Mover para o início da moldura","Edição de texto","Ctrl+Início","Mover para o início da moldura",
"Mover para o início da linha","Edição de texto da tabela","Início","Mover para o início da linha",
"Mover para o início da linha","Edição de texto","Início","Mover para o início da linha",
"Mover para o fim do texto","Edição de texto da tabela","Ctrl+PgDn","Mover para o fim do texto",
"Mover para o fim do texto","Edição de texto","Ctrl+PgDn","Mover para o fim do texto",
"Mover para o fim da moldura","Edição de texto da tabela","Ctrl+End","Mover para o fim da moldura",
"Mover para o fim da moldura","Edição de texto","Ctrl+End","Mover para o fim da moldura",
"Mover para o fim da linha","Edição de texto da tabela","End","Mover para o fim da linha",
"Mover para o fim da linha","Edição de texto","End","Mover para o fim da linha",
"Mover para cima","Edição da tabela","Seta para cima","Mover para cima",
"Mover para baixo","Edição da tabela","Seta para baixo","Mover para baixo",
"Mover para a esquerda","Edição da tabela","Seta para esquerda","Mover para a esquerda",
"Mover para a direita","Edição da tabela","Seta para direita","Mover para a direita",
"Mover 1 parágrafo para cima","Edição de texto da tabela","Ctrl+Seta para cima","Mover 1 parágrafo para cima",
"Mover 1 parágrafo para cima","Edição de texto","Ctrl+Seta para cima","Mover 1 parágrafo para cima",
"Mover 1 parágrafo para baixo","Edição de texto da tabela","Ctrl+Seta para baixo","Mover 1 parágrafo para baixo",
"Mover 1 parágrafo para baixo","Edição de texto","Ctrl+Seta para baixo","Mover 1 parágrafo para baixo",
"Mover 1 palavra para a esquerda","Edição de texto da tabela","Ctrl+Seta para esquerda","Mover 1 palavra para a esquerda",
"Mover 1 palavra para a esquerda","Edição de texto","Ctrl+Seta para esquerda","Mover 1 palavra para a esquerda",
"Mover 1 palavra para a direita","Edição de texto da tabela","Ctrl+Seta para direita","Mover 1 palavra para a direita",
"Mover 1 palavra para a direita","Edição de texto","Ctrl+Seta para direita","Mover 1 palavra para a direita",
"Mover 1 moldura para cima","Edição de texto da tabela","PgUp","Mover 1 moldura para cima",
"Mover 1 moldura para cima","Edição de texto","PgUp","Mover 1 moldura para cima",
"Mover 1 moldura para baixo","Edição de texto da tabela","PgDn","Mover 1 moldura para baixo",
"Mover 1 moldura para baixo","Edição de texto","PgDn","Mover 1 moldura para baixo",
"Mover 1 linha para cima","Edição de texto da tabela","Seta para cima","Mover 1 linha para cima",
"Mover 1 linha para cima","Edição de texto","Seta para cima","Mover 1 linha para cima",
"Mover 1 linha para baixo","Edição de texto da tabela","Seta para baixo","Mover 1 linha para baixo",
"Mover 1 linha para baixo","Edição de texto","Seta para baixo","Mover 1 linha para baixo",
"Mover 1 caractere para a esquerda","Edição de texto da tabela","Seta para esquerda","Mover 1 caractere para a esquerda",
"Mover 1 caractere para a esquerda","Edição de texto","Seta para esquerda","Mover 1 caractere para a esquerda",
"Mover 1 caractere para a direita","Edição de texto da tabela","Seta para direita","Mover 1 caractere para a direita",
"Mover 1 caractere para a direita","Edição de texto","Seta para direita","Mover 1 caractere para a direita",
"Mostrar visualização completa","Principal","Alt+Shift+P","Mostrar cópias de objetos como contornos ou objetos completos.",
"Mostrar o ladrilho atual","Visualização de impressão","Ctrl+H","Mostrar o ladrilho atual",
"Mostrar nós com preenchimento não selecionados","Principal","Ctrl+Shift+G","Mostrar nós com preenchimento não selecionados",
"Mostrar caracteres não imprimíveis","Edição de texto da tabela","Ctrl+Shift+C","Caracteres não imprimíveis",
"Mostrar caracteres não imprimíveis","Edição de texto","Ctrl+Shift+C","Caracteres não imprimíveis",
"Microdeslocamento à esquerda","Principal","Ctrl+Seta para esquerda","Microdeslocamento à esquerda",
"Microdeslocamento à direita","Principal","Ctrl+Seta para direita","Microdeslocamento à direita",
"Microdeslocamento para cima","Principal","Ctrl+Seta para cima","Microdeslocamento para cima",
"Microdeslocamento para baixo","Principal","Ctrl+Seta para baixo","Microdeslocamento para baixo",
"Microdeslocamento do ponto de ancoragem para cima","Edição de ancoragem","Ctrl+Seta para cima","Microdeslocamento do ponto de ancoragem para cima",
"Microdeslocamento do ponto de ancoragem para baixo","Edição de ancoragem","Ctrl+Seta para baixo","Microdeslocamento do ponto de ancoragem para baixo",
"Microdeslocamento do ponto de ancoragem para a esquerda","Edição de ancoragem","Ctrl+Seta para esquerda","Microdeslocamento do ponto de ancoragem para a esquerda",
"Microdeslocamento do ponto de ancoragem para a direita","Edição de ancoragem","Ctrl+Seta para direita","Microdeslocamento do ponto de ancoragem para a direita",
"Mesclar células","Edição da tabela","Ctrl+M","Mesclar células em uma célula.",
"Menos zoom","Visualização de impressão","F3","Menos zoom",
"Menos zoom","Visualização de impressão","Ctrl+_","Menos zoom",
"Menos zoom","Visualização de impressão","Ctrl+NUMPAD-","Menos zoom",
"Menos zoom","Visualização de impressão","Ctrl+-","Menos zoom",
"Menos zoom","Principal","F3","Diminua o nível de ampliação para visualizar uma parte maior do documento.",
"Menos zoom","Principal","Ctrl+_","Diminua o nível de ampliação para visualizar uma parte maior do documento.",
"Menos zoom","Principal","Ctrl+NUMPAD-","Diminua o nível de ampliação para visualizar uma parte maior do documento.",
"Menos zoom","Principal","Ctrl+-","Diminua o nível de ampliação para visualizar uma parte maior do documento.",
"Matiz/Saturação/Iluminação...","Principal","Ctrl+Shift+U","Matiz/Saturação/Iluminação",
"Marcadores","Principal","Ctrl+M","Adicionar ou remover formatação de lista com marcadores.",
"Mais zoom","Visualização de impressão","Ctrl+NUMPAD+","Mais zoom",
"Mais zoom","Visualização de impressão","Ctrl+=","Mais zoom",
"Mais zoom","Visualização de impressão","Ctrl++","Mais zoom",
"Mais zoom","Principal","Ctrl+NUMPAD+","Aumente o nível de ampliação para visualizar mais detalhes.",
"Mais zoom","Principal","Ctrl+=","Aumente o nível de ampliação para visualizar mais detalhes.",
"Mais zoom","Principal","Ctrl++","Aumente o nível de ampliação para visualizar mais detalhes.",
"Luz...","Principal","Ctrl+B","Luz",
"Localizar e substituir","Principal","Ctrl+F","Localizar e substituir",
"Localizar e Substituir Texto...","Edição de texto da tabela","Alt+F3","Localizar e Substituir Texto",
"LiveSketch","Principal","S","Faça esboços naturais e fluidos com ajustes inteligentes de pincelada.",
"Lista de tamanho de fontes HTML","Edição de texto","Ctrl+Shift+H","Lista de tamanho de fontes HTML",
"Lista de fontes","Edição de texto da tabela","Ctrl+Shift+F","Escolha uma fonte para o texto novo ou selecionado.",
"Lista de fontes","Edição de texto","Ctrl+Shift+F","Escolha uma fonte para o texto novo ou selecionado.",
"Lista de estilos","Edição de texto da tabela","Ctrl+Shift+S","Lista de estilos",
"Lista de estilos","Edição de texto","Ctrl+Shift+S","Lista de estilos",
"Linhas-guia de alinhamento","Principal","Alt+Shift+A","Ative ou desative as linhas-guia de alinhamento.",
"Lentes","Principal","Alt+F3","Janela de encaixe Lentes",
"Layout...","Visualização de impressão","Ctrl+L","Layout...",
"Justificação total","Edição de texto da tabela","Ctrl+J","Alinhe todo o texto, menos a última linha, com o lado esquerdo e o lado direito da caixa delimitadora.",
"Justificação total","Edição de texto","Ctrl+J","Alinhe todo o texto, menos a última linha, com o lado esquerdo e o lado direito da caixa delimitadora.",
"Janela Fechar","Principal","Ctrl+F4","Fechar janela",
"Itálico","Edição de texto da tabela","Ctrl+I","Ponha o texto em itálico.",
"Itálico","Edição de texto","Ctrl+I","Ponha o texto em itálico.",
"Ir para...","Visualização de impressão","Ctrl+G","Ir para...",
"Incrementar valor continuamente","Configurar fonte de dados","Ctrl+C","Incrementar valor continuamente",
"Incrementar valor continuamente","Configurar fonte de dados","Ctrl+C","Incrementar valor continuamente",
"Imprimir...","Principal","Ctrl+P","Selecione as opções de imprimir e imprima o documento ativo.",
"Imprimir esta folha agora","Visualização de impressão","Ctrl+T","Imprimir esta folha agora",
"Imprimir","Visualização de impressão","Ctrl+P","Imprimir",
"Importar...","Principal","Ctrl+I","Importe um arquivo para um documento ativo.",
"Importar fonte de dados...","Configurar fonte de dados","Ctrl+M","Importar dados de um arquivo",
"Hífen opcional","Edição de texto da tabela","Ctrl+-","Hífen opcional",
"Hífen opcional","Edição de texto","Ctrl+-","Hífen opcional",
"Hífen não separável","Edição de texto da tabela","Ctrl+_","Hífen não separável",
"Hífen não separável","Edição de texto da tabela","Ctrl+Shift+-","Hífen não separável",
"Hífen não separável","Edição de texto","Ctrl+_","Hífen não separável",
"Hífen não separável","Edição de texto","Ctrl+Shift+-","Hífen não separável",
"Guias dinâmicas","Principal","Alt+Shift+D","Alinhe objetos com outros objetos usando linhas-guia dinâmicas.",
"Grade:","Endireitar imagem","G","Grade:",
"Grade de documento","Principal","Alt+Y","Alinhe os objetos à grade do documento.",
"Glifos","Principal","Ctrl+F11","Explore glifos, caracteres, e recursos OpenType dentro de fontes.",
"Girar","Principal","Alt+F8","Especifique a rotação do objeto.",
"Fundamentos...","Visualização de impressão","Ctrl+E","Fundamentos...",
"Forçar justificação","Edição de texto da tabela","Ctrl+H","Alinhe o todo o texto com o lado esquerdo e o lado direito da caixa delimitadora. ",
"Forçar justificação","Edição de texto","Ctrl+H","Alinhe o todo o texto com o lado esquerdo e o lado direito da caixa delimitadora. ",
"Forma","Principal","F10","Edite um objeto de curva ou caractere de texto manipulando nós.",
"Finalizar a edição da simetria","Principal","Alt+Shift+E","Sair do modo Editar simetria.",
"Ferramenta Enquadramento","Visualização de efeitos","H","Ferramenta Enquadramento",
"Ferramenta Enquadramento","Endireitar imagem","H","Ferramenta Enquadramento",
"Ferramenta Enquadramento","Effects","H","Ferramenta Enquadramento",
"Fechar Visualização de impressão","Visualização de impressão","Alt+F4","Fechar Visualização de impressão",
"Fechar Visualização de impressão","Visualização de impressão","Alt+C","Fechar Visualização de impressão",
"Exportar...","Principal","Ctrl+E","Salve uma duplicata do documento com um formato de arquivo diferente.",
"Expandir seleção","Edição de texto da tabela","Ctrl+A","Expandir seleção",
"Expandir seleção","Edição da tabela","Ctrl+A","Expandir seleção",
"Exibe uma imagem para caber na janela","Visualização de efeitos","F4","Exibe uma imagem para caber na janela",
"Exibe uma imagem para caber na janela","Endireitar imagem","F4","Exibe uma imagem para caber na janela",
"Exibe uma imagem para caber na janela","Effects","F4","Exibe uma imagem para caber na janela",
"Exibe uma imagem em tamanho normal","Endireitar imagem","Ctrl+1","Exibe uma imagem em tamanho normal",
"Exibe uma imagem em tamanho normal","Effects","Ctrl+1","Exibe uma imagem em tamanho normal",
"Executar script temporário","Principal","Ctrl+Shift+P","Executar script temporário",
"Executar etapa e repetir","Principal","Ctrl+Shift+D","Mostra a janela de encaixe Executar etapa e repetir",
"Excluir palavra à direita","Edição de texto da tabela","Ctrl+Excluir","Excluir palavra à direita",
"Excluir palavra à direita","Edição de texto","Ctrl+Excluir","Excluir palavra à direita",
"Excluir caractere à direita","Edição de texto da tabela","Excluir","Excluir caractere à direita",
"Excluir caractere à direita","Edição de texto","Excluir","Excluir caractere à direita",
"Excluir","Principal","Excluir","Excluir",
"Excluir","Principal","Backspace","Excluir",
"Estilos de objeto","Principal","Ctrl+F5","Abra a janela de encaixe Estilos de objetos.",
"Estilos de cor","Principal","Ctrl+F6","Abra a janela de encaixe Estilos de cor.",
"Estilo da fonte","Edição de texto da tabela","Ctrl+Shift+W","Selecione um estilo de fonte para o texto.",
"Estilo da fonte","Edição de texto","Ctrl+Shift+W","Selecione um estilo de fonte para o texto.",
"Esquerda","Edição de texto da tabela","Ctrl+L","Alinhe o texto com o lado esquerdo da caixa delimitadora.",
"Esquerda","Edição de texto","Ctrl+L","Alinhe o texto com o lado esquerdo da caixa delimitadora.",
"Espiral","Principal","A","Desenhe espirais simétricas e logarítmicas.",
"Espaço simples","Edição de texto da tabela","Ctrl+Shift+N","Espaço simples",
"Espaço simples","Edição de texto","Ctrl+Shift+N","Espaço simples",
"Espaço não separável","Edição de texto da tabela","Ctrl+Shift+Espaço","Espaço não separável",
"Espaço não separável","Edição de texto","Ctrl+Shift+Espaço","Espaço não separável",
"Espaço","Edição de texto da tabela","Ctrl+Shift+M","Espaço",
"Espaço","Edição de texto","Ctrl+Shift+M","Espaço",
"Escala e espelho","Principal","Alt+F9","Redimensione o objeto especificando uma porcentagem e espelhe o objeto.",
"Equilibrar cores...","Principal","Ctrl+Shift+B","Equilibrar cores",
"Envelope","Principal","Ctrl+F7","Janela de encaixe Envelope",
"Enquadrar à esquerda","Principal","Alt+Seta para esquerda","Enquadrar à esquerda",
"Enquadrar à direita","Principal","Alt+Seta para direita","Enquadrar à direita",
"Enquadrar para cima","Principal","Alt+Seta para cima","Enquadrar para cima",
"Enquadrar para baixo","Principal","Alt+Seta para baixo","Enquadrar para baixo",
"Enquadramento","Principal","H","Arraste as áreas ocultas de um desenho para visualização sem mudar o nível de zoom.",
"Elipse","Principal","F7","Desenhe círculos e elipses arrastando na janela de desenho.",
"Elevar a barra de propriedades","Principal","Ctrl+Enter","Elevar a barra de propriedades",
"Editor do Visual Studio...","Principal","Alt+Shift+F12","Editor do Visual Studio...",
"Editor de script...","Principal","Alt+F11","Abrir um script para edição de VBA.",
"Editar valor inicial da coluna","Configurar fonte de dados","Ctrl+S","Editar valor inicial do número (Ctrl+S)",
"Editar valor final","Configurar fonte de dados","Ctrl+E","Editar valor final do número (Ctrl+E)",
"Editar simetria","Principal","Alt+Shift+Y","Edite as propriedades de simetria e adicione objetos ao grupo de simetria.",
"Editar Texto...","Principal","Ctrl+Shift+T","Modifique o texto usando um editor de texto.",
"Duplicar","Principal","Ctrl+D","Duplicar",
"Dividir link de simetria","Principal","Alt+X","Dividir o link de simetria para criar um grupo de objetos e caminhos.",
"Distribuir à esquerda","Principal","Shift+L","Distribuir à esquerda",
"Distribuir à direita","Principal","Shift+R","Distribuir à direita",
"Distribuir topo","Principal","Shift+T","Distribuir topo",
"Distribuir espaçamento verticalmente","Principal","Shift+A","Distribuir espaçamento verticalmente",
"Distribuir espaçamento horizontalmente","Principal","Shift+P","Distribuir espaçamento horizontalmente",
"Distribuir centros verticalmente","Principal","Shift+C","Distribuir centros verticalmente",
"Distribuir centros horizontalmente","Principal","Shift+E","Distribuir centros horizontalmente",
"Distribuir Inferior","Principal","Shift+B","Distribuir Inferior",
"Diretrizes","Principal","","Alinhar objetos às diretrizes do documento.",
"Direita","Edição de texto da tabela","Ctrl+R","Alinhe o texto com o lado direito da caixa delimitadora.",
"Direita","Edição de texto","Ctrl+R","Alinhe o texto com o lado direito da caixa delimitadora.",
"Diminuição do tamanho da fonte","Principal","Ctrl+NUMPAD2","Diminuição do tamanho da fonte",
"Diminuição do tamanho da fonte","Edição de texto da tabela","Ctrl+NUMPAD2","Diminuição do tamanho da fonte",
"Diminuição do tamanho da fonte","Edição de texto","Ctrl+NUMPAD2","Diminuição do tamanho da fonte",
"Deslocar ponto de ancoragem para cima","Edição de ancoragem","Seta para cima","Deslocar ponto de ancoragem para cima",
"Deslocar ponto de ancoragem para baixo","Edição de ancoragem","Seta para baixo","Deslocar ponto de ancoragem para baixo",
"Deslocar ponto de ancoragem para a esquerda","Edição de ancoragem","Seta para esquerda","Deslocar ponto de ancoragem para a esquerda",
"Deslocar ponto de ancoragem para a direita","Edição de ancoragem","Seta para direita","Deslocar ponto de ancoragem para a direita",
"Deslocar para cima","Principal","Seta para cima","Deslocar para cima",
"Deslocar para baixo","Principal","Seta para baixo","Deslocar para baixo",
"Deslocamento para a esquerda","Principal","Seta para esquerda","Deslocamento para a esquerda",
"Deslocamento para a direita","Principal","Seta para direita","Deslocamento para a direita",
"Desfazer %s","Principal","Ctrl+Z","Cancele a ação anterior.",
"Desfazer %s","Principal","Alt+Backspace","Cancele a ação anterior.",
"Desenho inteligente","Principal","Shift+S","Converta pinceladas à mão livre em formas básicas e curvas suavizadas.",
"Desagrupar","Principal","Ctrl+U","Separe um grupo em objetos ou grupos individuais.",
"Definir grupo de seleção 9","Principal","Ctrl+9","Definir grupo de seleção 9",
"Definir grupo de seleção 8","Principal","Ctrl+8","Definir grupo de seleção 8",
"Definir grupo de seleção 7","Principal","Ctrl+7","Definir grupo de seleção 7",
"Definir grupo de seleção 6","Principal","Ctrl+6","Definir grupo de seleção 6",
"Definir grupo de seleção 5","Principal","Ctrl+5","Definir grupo de seleção 5",
"Definir grupo de seleção 4","Principal","Ctrl+4","Definir grupo de seleção 4",
"Definir grupo de seleção 3","Principal","Ctrl+3","Definir grupo de seleção 3",
"Definir grupo de seleção 2","Principal","Ctrl+2","Definir grupo de seleção 2",
"Definir grupo de seleção 1","Principal","Ctrl+1","Definir grupo de seleção 1",
"Definir grupo de seleção 0","Principal","Ctrl+0","Definir grupo de seleção 0",
"Criar nova simetria","Principal","Alt+S","Crie e adicione objetos a um grupo de simetria ou converta uma curva existente em um grupo de simetria.",
"Cortar imagem","Endireitar imagem","C","Cortar imagem",
"CorelDRAW...","Principal","Ctrl+J","Opções do CorelDRAW",
"Cor do contorno","Principal","Shift+F12","Selecione a cor do contorno usando visualizadores de cor e paletas de cor.",
"Copiar","Principal","Ctrl+Insert","Ponha cópias de um ou mais objetos na Área de transferência.",
"Copiar","Principal","Ctrl+C","Ponha cópias de um ou mais objetos na Área de transferência.",
"Converter em curvas","Principal","Ctrl+Q","Permita que o objeto seja modificado usando as ferramentas de forma.",
"Converter contorno em objeto","Principal","Ctrl+Shift+Q","Converter contorno em objeto",
"Converter","Principal","Ctrl+F8","Converter texto",
"Contorno variável","Principal","V","Aplicar um contorno de larguras variáveis em um objeto.",
"Contorno","Principal","Ctrl+F9","Janela de encaixe Contorno",
"Configurar colunas","Configurar fonte de dados","Ctrl+D","Configurar colunas",
"Combinar","Principal","Ctrl+L","Combine objetos em um único objeto com propriedades comuns.",
"Colar na Vista","Principal","Ctrl+Shift+V","Colar na vista",
"Colar","Principal","Shift+Insert","Ponha o conteúdo da Área de transferência no documento.",
"Colar","Principal","Ctrl+V","Ponha o conteúdo da Área de transferência no documento.",
"Centro","Edição de texto da tabela","Ctrl+E","Centralize o texto dentro da caixa delimitadora.",
"Centro","Edição de texto","Ctrl+E","Centralize o texto dentro da caixa delimitadora.",
"Centralizar à página","Principal","P","Centralizar à página",
"Caneta de contorno","Principal","F12","Defina propriedades de contorno como espessura de linha, formato de canto e tipo de seta.",
"Cancelar grupo de seleção 9","Principal","9","Cancelar grupo de seleção 9",
"Cancelar grupo de seleção 8","Principal","8","Cancelar grupo de seleção 8",
"Cancelar grupo de seleção 7","Principal","7","Cancelar grupo de seleção 7",
"Cancelar grupo de seleção 6","Principal","6","Cancelar grupo de seleção 6",
"Cancelar grupo de seleção 5","Principal","5","Cancelar grupo de seleção 5",
"Cancelar grupo de seleção 4","Principal","4","Cancelar grupo de seleção 4",
"Cancelar grupo de seleção 3","Principal","3","Cancelar grupo de seleção 3",
"Cancelar grupo de seleção 2","Principal","2","Cancelar grupo de seleção 2",
"Cancelar grupo de seleção 1","Principal","1","Cancelar grupo de seleção 1",
"Cancelar grupo de seleção 0","Principal","0","Cancelar grupo de seleção 0",
"Borracha","Principal","X","Remover áreas indesejadas em um desenho.",
"Avançar um","Principal","Ctrl+PgUp","Mover objeto um nível acima na ordem de empilhamento.",
"Aumento do tamanho da fonte","Principal","Ctrl+NUMPAD8","Aumento do tamanho da fonte",
"Aumento do tamanho da fonte","Edição de texto da tabela","Ctrl+NUMPAD8","Aumento do tamanho da fonte",
"Aumento do tamanho da fonte","Edição de texto","Ctrl+NUMPAD8","Aumento do tamanho da fonte",
"Atualizar janela","Principal","Ctrl+W","Redesenhar",
"Assistente de configuração frente e verso...","Visualização de impressão","Ctrl+D","Assistente de configuração frente e verso...",
"Ampliar","Visualização de efeitos","F2","Ampliar",
"Amostra de cor do preenchimento de malha","Principal","Ctrl+Shift+E","Amostra de uma cor da área de trabalho para aplicação nos nós selecionados.",
"Alternar visualização","Principal","Shift+F9","Alternar visualização",
"Alternar estado de escolha","Principal","Ctrl+Espaço","Alternar estado de escolha",
"Alternar cúspide e liso","Edição da curva","C","Alternar os nós selecionados entre cúspide e liso.",
"Alternar cores de pré-visualização","Principal","Ctrl+Shift+I","Alternar entre a cor de visualização principal e a secundária.",
"Alternar Suave e Simétrico","Edição da curva","S","Alterne os nós selecionados entre suave e simétrico.",
"Alternar Linha","Edição da curva","L","Alterne os nós selecionados entre uma linha e um segmento de curva.",
"Alinhar à esquerda","Principal","L","Alinhar à esquerda",
"Alinhar à direita","Principal","R","Alinhar à direita",
"Alinhar à Linha de base","Principal","Alt+F12","Alinhar à Linha de base",
"Alinhar parte inferior","Principal","B","Alinhar parte inferior",
"Alinhar e distribuir","Principal","Ctrl+Shift+A","Posicione objetos com precisão um em relação ao outro ou em pontos específicos da página.",
"Alinhar centros verticalmente","Principal","E","Alinhar centros verticalmente",
"Alinhar centros horizontalmente","Principal","C","Alinhar centros horizontalmente",
"Alinhar acima","Principal","T","Alinhar acima",
"Agrupar","Principal","Ctrl+G","Agrupe objetos preservando seus atributos individuais.",
"Adicionar valor inicial da coluna","Configurar fonte de dados","Ctrl+S","Adicionar valor inicial do número (Ctrl+S)",
"Adicionar valor final da coluna","Configurar fonte de dados","Ctrl+E","Adicionar valor final do número (Ctrl+E)",
"Adicionar ao grupo de seleção 9","Principal","Alt+9","Adicionar ao grupo de seleção 9",
"Adicionar ao grupo de seleção 8","Principal","Alt+8","Adicionar ao grupo de seleção 8",
"Adicionar ao grupo de seleção 7","Principal","Alt+7","Adicionar ao grupo de seleção 7",
"Adicionar ao grupo de seleção 6","Principal","Alt+6","Adicionar ao grupo de seleção 6",
"Adicionar ao grupo de seleção 5","Principal","Alt+5","Adicionar ao grupo de seleção 5",
"Adicionar ao grupo de seleção 4","Principal","Alt+4","Adicionar ao grupo de seleção 4",
"Adicionar ao grupo de seleção 3","Principal","Alt+3","Adicionar ao grupo de seleção 3",
"Adicionar ao grupo de seleção 2","Principal","Alt+2","Adicionar ao grupo de seleção 2",
"Adicionar ao grupo de seleção 1","Principal","Alt+1","Adicionar ao grupo de seleção 1",
"Adicionar ao grupo de seleção 0","Principal","Alt+0","Adicionar ao grupo de seleção 0",
"Adicionar Coluna...","Configurar fonte de dados","Ctrl+A","Adicionar Coluna...",
"Abrir...","Principal","Ctrl+O","Abra um documento existente navegando até a pasta onde o documento está.",
"Abrir fonte de dados ODBC...","Configurar fonte de dados","Ctrl+O","Abrir fonte de dados ODBC...",
"","Effects","F2","",
"","Visualização de efeitos","Ctrl+P","",
"","Endireitar imagem","F3","",
"","Endireitar imagem","F2","",
"","Effects","F3","",
